{"M Muralitharan": 20.378082191780823, "SK Warne": 22.317808219178083, "A Kumble": 19.534246575342465, "GD McGrath": 23.77260273972603, "Wasim Akram": 18.487671232876714, "SM Pollock": 22.350684931506848, "JM Anderson": 20.39178082191781, "Waqar Younis": 17.923287671232877, "WPUJC Vaas": 20.065753424657533, "CA Walsh": 22.043835616438358, "B Lee": 23.145205479452056, "Harbhajan Singh": 17.736986301369864, "DL Vettori": 18.041095890410958, "N Kapil Dev": 19.747945205479454, "M Ntini": 20.545205479452054, "DW Steyn": 21.49041095890411, "SCJ Broad": 20.197260273972603, "CEL Ambrose": 24.49041095890411, "Z Khan": 22.005479452054793, "AA Donald": 25.073972602739726, "MG Johnson": 24.12054794520548, "Sir RJ Hadlee": 21.602739726027398, "JH Kallis": 20.175342465753424, "J Srinath": 22.145205479452056, "Imran Khan": 18.671232876712327, "Shahid Afridi": 16.6, "MD Marshall": 20.673972602739727, "IT Botham": 20.76986301369863, "M Morkel": 22.235616438356164, "R Ashwin": 23.731506849315068, "HMRKB Herath": 21.526027397260275, "Saqlain Mushtaq": 18.704109589041096, "Shakib Al Hasan": 19.383561643835616, "CJ McDermott": 19.704109589041096, "SL Malinga": 20.85753424657534, "D Gough": 23.682191780821917, "DK Lillee": 21.54794520547945, "HH Streak": 19.66849315068493, "Saeed Ajmal": 30.736986301369864, "Shoaib Akhtar": 22.312328767123287, "ST Jayasuriya": 20.504109589041096, "TG Southee": 19.29041095890411, "Umar Gul": 18.980821917808218, "CL Cairns": 19.46301369863014, "GP Swann": 20.84931506849315, "J Garner": 24.19178082191781, "RGD Willis": 21.627397260273973, "JN Gillespie": 21.38082191780822, "A Flintoff": 20.64109589041096, "MA Holding": 21.794520547945204, "Abdul Razzaq": 16.92876712328767, "Abdul Qadir": 22.263013698630136, "Mashrafe Mortaza": 18.106849315068494, "I Sharma": 18.736986301369864, "RA Jadeja": 20.18904109589041, "AB Agarkar": 20.336986301369862, "Mushtaq Ahmed": 18.747945205479454, "TA Boult": 22.397260273972602, "MA Starc": 20.734246575342464, "DJ Bravo": 20.545205479452054, "DL Underwood": 21.073972602739726, "KD Mills": 22.101369863013698, "KMDN Kulasekara": 21.339726027397262, "LR Gibbs": 23.36986301369863, "CL Hooper": 20.268493150684932, "NM Lyon": 23.794520547945204, "FS Trueman": 21.34246575342466, "CRD Fernando": 20.92054794520548, "AR Caddick": 24.506849315068493, "SJ Harmison": 23.80821917808219, "IK Pathan": 19.136986301369863, "BKV Prasad": 24.673972602739727, "JE Taylor": 18.980821917808218, "SR Watson": 20.78082191780822, "AME Roberts": 23.115068493150684, "BAW Mendis": 23.0986301369863, "SR Waugh": 20.58082191780822, "DK Morrison": 21.753424657534246, "MJ Hoggard": 23.50958904109589, "RJ Shastri": 18.753424657534246, "IR Bishop": 20.589041095890412, "Danish Kaneria": 19.96712328767123, "Abdur Razzak": 22.101369863013698, "BS Bedi": 20.279452054794522, "L Klusener": 24.39178082191781, "GF Lawson": 22.97808219178082, "EJ Chatfield": 24.65205479452055, "M Dillon": 22.78904109589041, "SE Bond": 26.47945205479452, "TM Alderman": 25.0, "CS Martin": 25.956164383561642, "KAJ Roach": 20.153424657534245, "PAJ DeFreitas": 20.75068493150685, "JR Thomson": 22.386301369863013, "ST Finn": 20.95068493150685, "CH Gayle": 19.986301369863014, "M Prabhakar": 20.997260273972604, "Imran Tahir": 31.936986301369863, "JDP Oram": 22.454794520547946, "JB Statham": 20.76164383561644, "MG Hughes": 24.07123287671233, "R Benaud": 21.317808219178083, "GD McKenzie": 20.008219178082193, "BS Chandrasekhar": 18.693150684931506, "FH Edwards": 21.4, "Sarfraz Nawaz": 20.273972602739725, "Mohammad Hafeez": 22.473972602739725, "Aaqib Javed": 16.35890410958904, "AV Bedser": 27.986301369863014, "GS Sobers": 17.682191780821917, "A Nehra": 19.838356164383562, "VD Philander": 22.013698630136986, "A Nel": 23.84109589041096, "PM Siddle": 23.90958904109589, "RR Lindwall": 24.5013698630137, "Mohammad Sami": 20.046575342465754, "Mohammad Rafique": 24.5972602739726, "ARC Fraser": 23.926027397260274, "JE Emburey": 26.027397260273972, "BL Cairns": 24.312328767123287, "CZ Harris": 21.03835616438356, "CV Grimmett": 33.1972602739726, "JR Hazlewood": 19.465753424657535, "JA Snow": 23.693150684931506, "SCG MacGill": 26.947945205479453, "K Rabada": 20.13972602739726, "Wahab Riaz": 22.613698630136987, "Shoaib Malik": 17.70958904109589, "PR Reiffel": 25.756164383561643, "DW Fleming": 23.747945205479454, "Mohammed Shami": 22.35890410958904, "DJG Sammy": 20.564383561643837, "RM Hogg": 27.76164383561644, "NLTC Perera": 20.73972602739726, "HDPK Dharmasena": 22.386301369863013, "NW Bracken": 23.34794520547945, "TT Bresnan": 21.312328767123287, "RAS Lakmal": 22.791780821917808, "UT Yadav": 22.605479452054794, "MM Ali": 26.71780821917808, "SR Tendulkar": 16.572602739726026, "KC Sangakkara": 22.704109589041096, "RT Ponting": 20.172602739726027, "DPMD Jayawardene": 20.197260273972603, "R Dravid": 23.24109589041096, "BC Lara": 21.53698630136986, "S Chanderpaul": 19.5972602739726, "Inzamam-ul-Haq": 21.736986301369864, "AB de Villiers": 20.846575342465755, "SC Ganguly": 19.523287671232875, "Younis Khan": 22.221917808219178, "AR Border": 23.44109589041096, "TM Dilshan": 23.10958904109589, "HM Amla": 21.67945205479452, "Mohammad Yousuf": 23.517808219178082, "V Sehwag": 20.46027397260274, "GC Smith": 21.10958904109589, "MJ Clarke": 21.813698630136987, "V Kohli": 19.797260273972604, "ME Waugh": 23.542465753424658, "Javed Miandad": 18.008219178082193, "MS Dhoni": 23.47945205479452, "DL Haynes": 22.035616438356165, "PA de Silva": 18.465753424657535, "M Azharuddin": 21.90958904109589, "AC Gilchrist": 24.964383561643835, "SP Fleming": 20.97808219178082, "AN Cook": 21.194520547945206, "IVA Richards": 22.726027397260275, "ML Hayden": 21.56986301369863, "BB McCullum": 20.32054794520548, "HH Gibbs": 22.624657534246577, "LRPL Taylor": 21.994520547945207, "G Kirsten": 26.076712328767123, "MS Atapattu": 20.016438356164382, "KP Pietersen": 24.438356164383563, "DC Boon": 23.136986301369863, "IR Bell": 22.372602739726027, "SM Gavaskar": 21.66849315068493, "GA Gooch": 21.97808219178082, "AJ Stewart": 26.53972602739726, "Saleem Malik": 18.756164383561643, "Saeed Anwar": 20.334246575342465, "CG Greenidge": 23.578082191780823, "A Ranatunga": 18.21917808219178, "MEK Hussey": 28.704109589041096, "RB Richardson": 21.87945205479452, "DA Warner": 22.243835616438357, "RR Sarwan": 19.915068493150685, "NJ Astle": 23.36986301369863, "Yuvraj Singh": 18.82191780821918, "A Flower": 23.838356164383562, "KS Williamson": 20.019178082191782, "DI Gower": 21.15890410958904, "AJ Strauss": 26.731506849315068, "Tamim Iqbal": 17.904109589041095, "Misbah-ul-Haq": 26.797260273972604, "VVS Laxman": 22.068493150684933, "AD Mathews": 21.506849315068493, "MA Taylor": 24.265753424657536, "JE Root": 21.96986301369863, "MN Samuels": 19.673972602739727, "MV Boucher": 20.884931506849316, "MJ Guptill": 22.295890410958904, "DB Vengsarkar": 19.813698630136987, "ME Trescothick": 24.553424657534247, "G Gambhir": 21.504109589041096, "MD Crowe": 19.40821917808219, "GW Flower": 21.843835616438355, "PD Collingwood": 25.04931506849315, "SPD Smith": 20.731506849315068, "Ijaz Ahmed": 18.161643835616438, "DR Martyn": 21.117808219178084, "DM Jones": 22.86849315068493, "RG Sharma": 20.161643835616438, "MA Atherton": 21.397260273972602, "CH Lloyd": 22.2986301369863, "GS Chappell": 22.35890410958904, "WJ Cronje": 22.435616438356163, "JG Wright": 23.61917808219178, "G Boycott": 23.635616438356163, "GP Thorpe": 23.813698630136987, "Mushfiqur Rahim": 17.975342465753425, "WU Tharanga": 20.50958904109589, "Rameez Raja": 21.564383561643837, "AJ Lamb": 27.96986301369863, "H Masakadza": 17.97808219178082, "F du Plessis": 26.534246575342465, "JP Duminy": 20.364383561643837, "JN Rhodes": 22.6, "DJ Cullinan": 25.852054794520548, "HP Tillakaratne": 19.386301369863013, "EJG Morgan": 19.915068493150685, "N Hussain": 21.605479452054794, "ADR Campbell": 19.446575342465753, "CD McMillan": 20.695890410958903, "JL Langer": 22.18904109589041, "RS Mahanama": 19.767123287671232,